{"cameraMode":{"drawMode":0,"name":"Shaded","section":"Shading Mode"},"sceneLighting":true,"audioPlay":false,"sceneViewState":{"showFog":true,"showMaterialUpdate":false,"showSkybox":true,"showFlares":true,"showImageEffects":true,"showParticleSystems":true},"in2DMode":false,"pivot":{"x":-0.658409059047699,"y":4.252662181854248,"z":7.633821487426758},"rotation":{"x":0.17256341874599458,"y":-0.7788421511650086,"z":0.24380719661712647,"w":0.5516408681869507},"size":0.8268164992332459,"orthographic":false}